
CREATE SCHEMA IF NOT EXISTS `mydb` DEFAULT CHARACTER SET utf8 ;

USE `mydb` ;

CREATE TABLE `category` (
  `id` int NOT NULL,
  `name` varchar(45) NOT NULL,
  PRIMARY KEY (`id`),
  UNIQUE KEY `id_UNIQUE` (`id`)
) ENGINE=InnoDB DEFAULT CHARSET=utf8;

INSERT INTO `category` VALUES (1,'food'),(2,'auto'),(3,'pets'),(4,'credits'),(5,'utilities'),(6,'games');

CREATE TABLE `cost` (
  `id` int NOT NULL,
  `value` decimal(19,2) NOT NULL,
  `date` date DEFAULT NULL,
  `category_id` int DEFAULT NULL,
  PRIMARY KEY (`id`),
  KEY `fk_cost_category_idx` (`category_id`),
  CONSTRAINT `fk_cost_category` FOREIGN KEY (`category_id`) REFERENCES `category` (`id`) ON DELETE SET NULL
) ENGINE=InnoDB DEFAULT CHARSET=utf8;

INSERT INTO `cost` VALUES (1,23.50,'2000-01-01',1),(2,23.50,'2000-01-01',1),(3,23.50,'2000-01-01',1),(4,23.50,'2000-01-01',1),(5,23.50,'2000-01-01',1),(8,23.20,'2000-04-01',4),(9,23.30,'2000-05-01',5),(10,23.50,'2000-01-01',6),(11,23.10,'2000-06-01',6),(12,23.30,'2000-07-01',6),(13,23.30,'2000-08-01',2),(14,23.60,'2000-09-01',3),(15,23.45,'2000-10-01',4),(16,23.34,'2000-11-01',5),(17,23.23,'2000-12-01',6),(18,23.23,'2000-01-02',6),(19,23.23,'2000-01-03',2),(20,23.67,'2000-01-04',3),(21,23.76,'2000-01-05',4),(22,23.23,'2000-01-06',5),(23,23.50,'2000-01-06',6),(24,23.50,'2000-01-07',6),(25,23.50,'2000-01-08',2),(26,23.50,'2000-01-09',3),(27,23.50,'2000-01-10',4),(28,23.50,'2000-01-11',5),(29,23.50,'2000-01-01',6),(30,23.50,'2000-01-01',6),(31,23.50,'2000-01-01',2),(32,23.50,'2000-01-01',3),(33,23.50,'2000-01-01',4),(34,23.50,'2000-01-01',5),(35,23.50,'2000-01-01',6),(36,23.50,'2000-01-01',6),(37,23.50,'2000-01-01',3),(38,23.50,'2000-01-11',4),(39,23.50,'2000-01-01',5),(40,23.50,'2000-01-01',6),(42,176.00,'2021-06-09',1),(43,17211.23,'2021-02-09',1),(44,17211.23,'2021-03-09',1),(45,233333.23,'2021-03-09',1);

CREATE TABLE `month_limit` (
  `numberMonth` int DEFAULT NULL,
  `sum_of_month` decimal(19,2) DEFAULT '0.00',
  `limit_of_month` decimal(19,2) DEFAULT NULL,
  UNIQUE KEY `numberMonth_UNIQUE` (`numberMonth`)
) ENGINE=InnoDB DEFAULT CHARSET=utf8;

INSERT INTO `month_limit` VALUES (1,681.12,212311.00),(2,17211.23,212311.00),(3,250544.46,212311.00),(4,23.20,174077.54),(5,23.30,212311.00),(6,199.10,212311.00),(7,23.30,212311.00),(8,23.30,212311.00),(9,23.60,212311.00),(10,23.45,212311.00),(11,23.34,212311.00),(12,23.23,212311.00);
